word	segments	num_segments	lemma	suffix	pos	sentence
aasi	aasi	1	aasi	asi	NOUN	Aasi on hyvin älykäs eläin.
affiini	affiini	1	affii	ini	NOUN	Matematiikassa affiini tarkoittaa tietynlaista geometrista muunnosta.
aho	aho	1	aho	aho	PROPN	Ulkona näkyi aho, jonka kauneutta oli vaikea kuvailla.
aito	aito	1	aito	ito	ADJ	Tämä on aito taulu, ei jäljennös.
akku	akku	1	akku	kku	NOUN	Minun täytyy ladata puhelimeni akku.
ala	ala	1	alkaa	ala	VERB	Hän ei ala ala-arvoiseen työhön.
armo	armo	1	armo	rmo	PROPN	Armo on suuri lahja, joka annetaan kaikille.
arpa	arpa	1	arpa	rpa	NOUN	Arpa on heitetty ja voittaja on selvillä.
arrogantti	arrogantti	1	arrogantti	tti	NOUN	Hän on todella arrogantti henkilö.
delikaatti	delikaatti	1	delikaatti	tti	NOUN	Tämä asia on erittäin delikaatti.
demo	demo	1	demo	emo	PROPN	Bändin uusi demo kuuloistaa todella hyvältä.
ehto	ehto	1	ehto	hto	NOUN	Ainoa ehto rauhalle on, että kaikki osapuolet ovat tyytyväisiä.
eksistentiaali	eksistentiaali	1	eksistentiaali	ali	NOUN	Eksistentiaali kysymys on sellainen, joka liittyy olemassaoloon.
elämä	elämä	1	elämä	ämä	NOUN	Elämä on kaunista.
fiksu	fiksu	1	fiksu	ksu	ADJ	Hän on todella fiksu.
haalea	haalea	1	haalea	lea	ADJ	Auton haalea väripinta näytti todella huonolta.
häkäinen	häkäinen	1	häkäinen	nen	ADJ	Auto oli niin häkäinen, että sitä oli vaarallista hengittää sisään.
halpa	halpa	1	halpa	lpa	ADJ	Tämä tuote on todella halpa.
hauska	hauska	1	hauska	ska	ADJ	Koomikko Ilari Johansson on todella hauska.
heikohko	heikohko	1	heikohko	hko	ADJ	Hänen vointinsa oli vieläkin heikohko.
hervoton	hervoton	1	hervoton	ton	ADJ	Hervoton nauru täytti koko huoneen.
hirmu	hirmu	1	hirmu	rmu	NOUN	Hän juoksi hirmu hirmu nopeasti.
hoikka	hoikka	1	hoikka	kka	ADJ	Hän on erittäin hoikka ihminen.
humu	humu	1	humu	umu	NOUN	Kesäjuhlien humu oli korviahuumaava.
hymy	hymy	1	hymy	ymy	NOUN	Hänen kasvoillaan oli leveä hymy.
hymy	hymy	1	hymy	ymy	NOUN	Hänen kasvoillaan oli leveä hymy.
hyponyymi	hyponyymi	1	hyponyymi	ymi	PROPN	Hyponyymi on alakäsite, joka kuuluu jonkin yläkäsitteen alle.
ihme	ihme	1	ihme	hme	NOUN	On todellinen ihme, että hän selvisi onnettomuudesta vahingoittumattomana.
iloinen	iloinen	1	iloinen	nen	ADJ	Olen todella iloinen, että tulit käymään.
karhea	karhea	1	karhe	hea	ADJ	Hänen partansa oli karhea, kuin hiekkapaperi.
keppi	keppi	1	keppi	ppi	PROPN	Keppi on hyvä apuväline kävellessä.
kierto	kierto	1	kierto	rto	NOUN	Planeetojen kierto auringon ympäri on tarkkaan määritelty prosessi, joka seuraa luonnonlakeja.
kilo	kilo	1	kilo	ilo	NOUN	Kilo kanaa maksaa USA:ssa kaupassa vain muutaman dollarin.
kirjain	kirjain	1	kirjain	ain	NOUN	Kirjoita se kirjain kaunokirjoituksella.
kova	kova	1	kova	ova	ADJ	Hän on kova kova työskentelemään, viipyen toimistolla iltamyöhään asti.
laiha	laiha	1	laiha	iha	ADJ	Se on kyllä laiha lohtu, sanoi hän.
leppä	leppä	1	leppä	ppä	PROPN	Leppä on kaunis suomalainen puulaji.
pehmeä	pehmeä	1	pehmeä	meä	ADJ	Pehmeä patja on täksi yölle paras vaihtoehto.
pelottava	pelottava	1	pelottava	ava	ADJ	Se on todella pelottava elokuva, jota en halua katsoa yksin.
robusti	robusti	1	robusti	sti	ADV	Tämä rakennus on erittäin robusti ja kestävä.
rohkea	rohkea	1	rohkea	kea	ADJ	Hän on todella rohkea henkilö.
roteva	roteva	1	roteva	eva	ADJ	Hän on roteva mies, joka tekee kovasti töitä.
sileä	sileä	1	sileä	leä	ADJ	Tämä kangas on erittäin sileä.
surullinen	surullinen	1	surullinen	nen	ADJ	Hän oli todella surullinen, huomattuaan lemmikkinsä kuolleen.
vihainen	vihainen	1	vihainen	nen	ADJ	Hän on todella vihainen sinulle.
äänen	ääne-n	2	ääni	nen	NOUN	Hän kuuli kaukaa tutun äänen.
arovuokkohan	arovuokko-han	2	arovuokkohan	han	PROPN	Arovuokkohan on yksi kauneimmista keväällä kukkivista kukista.
asiat	asia-t	2	asia	iat	NOUN	Pekka vakuutti itsensä siitä, että asiat ovat järjestyksessä.
avointa	avoin-ta	2	avoin	nta	ADJ	Hän etsii avointa työpaikkaa.
eli	el-i	2	eli	eli	CCONJ	Hän on minun paras ystäväni, eli hän on aina tukenani.
erityisrahoituksella	erityisrahoitukse-lla	2	erityisrahoituknen	lla	NOUN	Projekti toteutettiin erityisrahoituksella.
eronnut	eron-nut	2	erona	nut	VERB	Elokuvan uusi versio ei eronnut paljoa vanhasta.
hallitusratkaisut	hallitusratkaisu-t	2	hallitusratkaisu	sut	NOUN	Hallitusratkaisut vaikuttavat suoraan kansalaisten elämään.
hallitusratkaisut	hallitusratkaisu-t	2	hallitusratkaisut	sut	NOUN	Hallitusratkaisut vaikuttavat suoraan kansalaisten elämään.
jäi	jä-i	2	jäädä	jäi	VERB	Hän jäi odottamaan bussia.
kampanjoinut	kampanjoi-nut	2	kampanjoia	nut	VERB	Hän on kampanjoinut aktiivisesti viime aikoina.
kannattaa	kannatta-a	2	kannattaa	taa	VERB	Poiju kannattaa laituria veden päällä.
kannattajat	kannattaja-t	2	kannattaja	jat	NOUN	Jalkapallojoukkueen kannattajat juhlivat voittoa kaupungin keskustassa.
kauden	kaude-n	2	kausi	den	NOUN	Jalkapallojoukkue valmistautuu tulevaan kauteen intensiivisesti.
keskittynyt	keskitty-nyt	2	keskittyä	nyt	VERB	Muuttoliike on keskittynyt tiettyihin Euroopan valtioihin enemmän kuin toisiin.
kielelle	kiele-lle	2	kieli	lle	NOUN	Kirja käännettiin yli kymmenelle kielelle.
koki	kok-i	2	kokea	oki	VERB	Hän koki suurta iloa voittaessaan kilpailun.
kolmen	kolme-n	2	kolme	men	NUM	Hän saapui paikalle kolmen jälkeen.
kolmen	kolme-n	2	kolme	men	NUM	Hän saapui paikalle kolmen jälkeen.
kolmesta	kolme-sta	2	kolme	sta	NUM	Ohjelmaa järjestetään joka päivä kolmesta eteenpäin.
kommentoinut	kommentoi-nut	2	kommentoia	nut	VERB	Hän ei ole vielä kommentoinut asiaa.
loikki	loikk-i	2	loikki	kki	NOUN	Kani loikki nopeasti metsän läpi.
loitontaa	loitonta-a	2	loitonta	taa	ADJ	Voit loitontaa karttaa nähdäksesi koko kaupungin.
luopui	luopu-i	2	luopua	pui	VERB	Hän luopui maallisesta omaisuudestaan hyväntekeväisyyden vuoksi.
maanantaihin	maanantai-hin	2	maanantaihin	hin	NOUN	Minun täytyy palauttaa kirja kirjastoon ensi maanantaihin mennessä.
maanantaihin	maanantai-hin	2	maanantat	hin	NOUN	Minun täytyy palauttaa kirja kirjastoon ensi maanantaihin mennessä.
maanantaina	maanantai-na	2	maanantaina	ina	NOUN	Tapasin hänet maanantaina kaupungilla.
maanantaina	maanantai-na	2	maanantai	ina	NOUN	Tapasin hänet maanantaina kaupungilla.
neuvottelut	neuvottelu-t	2	neuvottelu	lut	NOUN	Neuvottelut alkoivat Säätytalolla maanantaina.
neuvottelut	neuvottelu-t	2	neuvottelu	lut	NOUN	Neuvottelut alkoivat Säätytalolla maanantaina.
nousukiitoa	nousukiito-a	2	nousukiito	toa	NOUN	Lentokone oli menossa täyttä nousukiitoa, kun sen käskettiinkin palata takaisin.
ollutkaan	ollut-kaan	2	olla	aan	AUX	En ollutkaan niin väsynyt kuin luulin.
ollutkaan	ollut-kaan	2	olla	aan	VERB	En ollutkaan niin väsynyt kuin luulin.
omasta	oma-sta	2	omasta	sta	ADJ	Omasta mielestäni tuo on kyllä ihan käypä suunnitelma.
omasta	oma-sta	2	oma	sta	ADJ	Omasta mielestäni tuo on kyllä ihan käypä suunnitelma.
onko	on-ko	2	olla	nko	AUX	Onko Suomessa kylmää kesäisin?
onko	on-ko	2	olla	nko	AUX	Onko Suomessa kylmää kesäisin?
osakkeen	osakkee-n	2	osake	een	NOUN	Hän osti osakkeen uudesta tornitalosta.
päivää	päivä-ä	2	päivä	vää	NOUN	Hyvää päivää, kuinka voin auttaa?
palaverin	palaveri-n	2	palaveri	rin	NOUN	Hän palasi kotiin tärkeän palaverin jälkeen.
palkata	palkat-a	2	palkata	ata	VERB	Voimme palkata uuden työntekijän ensi viikolla.
parlamentin	parlamenti-n	2	parlamentti	tin	NOUN	Parlamentin jäsenet äänestivät uuden lain puolesta.
parlamentin	parlamenti-n	2	parlamentti	tin	NOUN	Parlamentin jäsenet äänestivät uuden lain puolesta.
perussuomalaisen	perussuomalaise-n	2	perussuomalainen	sen	ADJ	Hän on perussuomalaisen puolueen jäsen.
perussuomalaisen	perussuomalaise-n	2	perussuomalainen	sen	NOUN	Hän on perussuomalaisen puolueen jäsen.
perussuomalaisten	perussuomalais-ten	2	perussuomalainen	ten	NOUN	Perussuomalaisten kannatus on kasvanut viime kuukausina.
perussuomalaisten	perussuomalais-ten	2	perussuomalainen	ten	NOUN	Perussuomalaisten kannatus on kasvanut viime kuukausina.
perussuomalaisten	perussuomalais-ten	2	perussuomalainen	ten	PROPN	Perussuomalaisten kannatus on kasvanut viime kuukausina.
perussuomalaisten	perussuomalais-ten	2	perussuomalaisten	ten	NOUN	Perussuomalaisten kannatus on kasvanut viime kuukausina.
pienin	pieni-n	2	piena	nin	ADJ	Euroopan pienin valtio lienee San Marino.
pienin	pieni-n	2	pieni	nin	ADJ	Euroopan pienin valtio lienee San Marino.
pitkän	pitkä-n	2	pitkä	kän	ADJ	Hän on ollut poissa pitkän aikaa.
plakkariin	plakkari-in	2	plakkari	iin	NOUN	Hän laittoi puhelimensa takaisin plakkariin.
prosenttiin	prosentti-in	2	prosentti	iin	NOUN	Inflaatio nousi viiteen prosenttiin viime kuussa.
puolestaan	puolesta-an	2	puolestaan	aan	ADV	Hänen puolestaan asialla ei ollut merkitystä.
ratkaisua	ratkaisu-a	2	ratkaisu	sua	NOUN	Etsimme edelleen ongelmaan ratkaisua.
säätöä	säätö-ä	2	säätö	töä	NOUN	Tässä projektissa on ollut todella paljon säätöä.
salaukset	salaukse-t	2	salauknen	set	NOUN	Tietokoneiden salaukset ovat tärkeitä tietoturvan kannalta.
seitsemältä	seitsemä-ltä	2	seitsemä	ltä	NUM	Hän herää joka aamu seitsemältä.
silloisesta	silloise-sta	2	silloinen	sta	ADJ	Hän muisti kuitenkin asioita silloisesta elämästään.
sosiaalisen	sosiaalise-n	2	sosiaalinen	sen	ADJ	Hän on erittäin aktiivinen sosiaalisen median käyttäjä.
suojattinsa	suojatti-nsa	2	suojatti	nsa	NOUN	Hän otti suojattinsa turvaan myrskyn alta.
suosituin	suositu-in	2	suosittu	uin	ADJ	Hän on luokkansa suosituin opiskelija.
suuren	suure-n	2	suuri	ren	ADJ	Hän sai suuren kunnianosoituksen työstään.
suuren	suure-n	2	suuri	ren	ADJ	Hän sai suuren kunnianosoituksen työstään.
taakseen	taakse-en	2	taakse	een	ADP	Hän katsoi taakseen ennen kuin ylitti tien.
taakseen	taakse-en	2	taakse	een	ADV	Hän katsoi taakseen ennen kuin ylitti tien.
tapahtunut	tapahtu-nut	2	tapahtua	nut	VERB	Mitä on tapahtunut sinun päiväsi aikana?
tehdään	teh-dään	2	tehdä	ään	VERB	Huomenna tehdään suuri siivous.
tiiminä	tiimi-nä	2	tiimi	inä	ADJ	Me työskentelemme tiiminä tämän projektin parissa.
tiiminä	tiimi-nä	2	tiimi	inä	NOUN	Me työskentelemme tiiminä tämän projektin parissa.
tulevaksi	tuleva-ksi	2	tulea	ksi	VERB	Hän säilöi hilloa purnukoihin tulevaksi talveksi.
tulevaksi	tuleva-ksi	2	tulevaksi	ksi	VERB	Hän säilöi hilloa purnukoihin tulevaksi talveksi.
uraa	ura-a	2	ura	raa	NOUN	Muutettuaan ulkomaille, hän teki uraa lääkärinä.
uudella	uude-lla	2	uusi	lla	ADJ	Hän osti uudella luottokortillaan uuden tietokoneen.
uusia	uusi-a	2	uusi	sia	ADJ	Hänellä on paljon uusia ideoita.
väen	väe-n	2	väen	äen	NOUN	Väen määrä kasvoi nopeasti tapahtuman aikana.
väen	väe-n	2	väe	äen	PROPN	Väen määrä kasvoi nopeasti tapahtuman aikana.
vaivautunut	vaivautu-nut	2	vaivautua	nut	VERB	Hän näytti vaivautuneelta koko illan.
valinnut	valin-nut	2	valita	nut	VERB	Olen valinnut sinut olemaan ystäväni.
vasemmistoliitolle	vasemmistoliito-lle	2	vasemmistoliitolle	lle	NOUN	Anna äänesi Vasemmistoliitolle seuraavissa vaaleissa.
vasemmistoliitolle	vasemmistoliito-lle	2	vasemmistoliitolle	lle	PROPN	Anna äänesi Vasemmistoliitolle seuraavissa vaaleissa.
vasemmistoliitolle	vasemmistoliito-lle	2	vasemmistoliito	lle	NOUN	Anna äänesi Vasemmistoliitolle seuraavissa vaaleissa.
vasemmiston	vasemmisto-n	2	vasemmisto	ton	NOUN	Vasemmiston ehdokas voitti vaalit.
vasemmiston	vasemmisto-n	2	vasemmisto	ton	PROPN	Vasemmiston ehdokas voitti vaalit.
vieraaksi	vieraa-ksi	2	vieraa	ksi	NOUN	Hän tunsi itsensä vieraaksi omassa kodissaan.
vuoksi	vuo-ksi	2	vuoksi	ksi	ADP	Hän joutui lähtemään töistä aikaisin sairauden vuoksi.
yksinkertaisella	yksinkertaise-lla	2	yksinkertainen	lla	ADJ	Voit ratkaista tämän ongelman yksinkertaisella tavalla.
yksinkertaista	yksin-kertaista	2	yksinkertainen	sta	ADJ	Tämä on hyvin yksinkertaista.
ymmärtänyt	ymmärtä-nyt	2	ymmärtää	nyt	VERB	En ymmärtänyt kaikkea, mitä sanoit.
yöpaikka	yö-paikka	2	yöpaikka	kka	NOUN	Tuolla saattaa olla seuraava yöpaikka.
äänestämään	äänestä-mä-än	3	äänestää	ään	VERB	Menemme huomenna äänestämään vaaleissa.
äänimäärän	ääni-määrä-n	3	äänimäärä	rän	NOUN	Hän voitti vaalit suurella äänimäärän erolla.
aikoina	aiko-i-na	3	aika	ina	NOUN	Viime aikoina olen lukenut paljon kirjoja.
aikojen	aiko-j-en	3	aika	jen	NOUN	Tämä on parhaita hetkiä ihmisen elämässä.
ajateltua	ajatel-tu-a	3	ajatella	tua	VERB	Voikin olla paljon ajateltua vaikeampaa kiivetä vuoren päälle.
ajateltua	ajatel-tu-a	3	ajateltua	tua	VERB	Voikin olla paljon ajateltua vaikeampaa kiivetä vuoren päälle.
aktivoituneet	aktivoitu-nee-t	3	aktivoitua	eet	VERB	Immuunijärjestelmämme solut ovat aktivoituneet taistelemaan infektiota vastaan.
aktivoituneet	aktivoitu-nee-t	3	aktivoituä	eet	VERB	Immuunijärjestelmämme solut ovat aktivoituneet taistelemaan infektiota vastaan.
alapuolelle	ala-puole-lle	3	alapuolelle	lle	ADP	Hän asetti kirjan pöydän alapuolelle.
antavaa	anta-va-a	3	antaa	vaa	VERB	Tämä on antavaa ja otavaa suhdetta vaativa tilanne.
antavaa	anta-va-a	3	antava	vaa	ADJ	Tämä on antavaa ja otavaa suhdetta vaativa tilanne.
asioita	asio-i-ta	3	asia	ita	NOUN	On monia asioita, joita en ymmärrä tässä maailmassa.
asuntolainaa	asunto-laina-a	3	asuntolaina	naa	NOUN	Hän haki pankista asuntolainaa ostaa uuden talon.
eiköhän	ei-kö-hän	3	eiköhän	hän	ADV	Eiköhän meidän pitäisi lähteä jo kotiin.
ensin	ens-i-n	3	ensin	sin	ADV	Sinun täytyy ensin oppia kävelemään ennen kuin voit juosta.
europarlamentaarikkoa	euro-parlamentaarikko-a	3	europarlamentaarikko	koa	NOUN	Kansa äänesti entistä europarlamentaarikkoa sankoin joukoin.
europarlamenttipaikkaa	euro-parlamenttipaikka-a	3	europarlamenttipaikka	kaa	NOUN	Hän kampanjoi aktiivisesti saamatta kuitenkaan europarlamenttipaikkaa.
eurovaaleja	eurovaale-j-a	3	eurovaaleja	eja	NOUN	Eurovaaleja ei ole sopivaa jättää väliin.
eurovaaleja	eurovaale-j-a	3	eurovaali	eja	NOUN	Eurovaaleja ei ole sopivaa jättää väliin.
hyvillä	hyv-i-llä	3	hyvä	llä	ADJ	Olen hyvillä mielin, koska sain työpaikan.
itselleen	itse-lle-en	3	itse	een	PRON	Hän osti itselleen uuden auton.
jääneet	jää-nee-t	3	jäädä	eet	VERB	Monet tehtävät ovat jääneet tekemättä.
jalkojen	jalko-j-en	3	jalka	jen	NOUN	Jalkojen anatomia eroaa huomattavasti esimerkiksi sisäelinten anatomiasta.
jalkojen	jalko-j-en	3	jalkojen	jen	NOUN	Jalkojen anatomia eroaa huomattavasti esimerkiksi sisäelinten anatomiasta.
keräämää	kerää-mä-ä	3	keräämää	mää	VERB	Ihmisten keräämää kulttuuriperintöä osattiin siirtää eteenpäin jo ennen kirjoitustaidon kehittymistä.
keskiviikkona	keski-viikko-na	3	keskiviikko	ona	NOUN	Tapasin hänet keskiviikkona kaupungilla.
keskuspankin	keskus-panki-n	3	keskuspankin	kin	NOUN	Keskuspankin tehtävänä on säädellä maan rahapolitiikkaa.
keskuspankin	keskus-panki-n	3	keskuspankki	kin	NOUN	Keskuspankin tehtävänä on säädellä maan rahapolitiikkaa.
kielitieteeseen	kieli-tietee-seen	3	kielitieteeseen	een	NOUN	Hänen mielenkiintonsa ja intohimonsa kohdistui erityisesti kielitieteeseen.
kokopitkän	koko-pitkä-n	3	kokopitkä	kän	ADJ	Hän katsoi kokopitkän elokuvan ilman taukoja.
korkeimmillaankin	korkeimmilla-an-kin	3	korkeimmillaankin	kin	ADJ	Korkeimmillaankin hinta oli ainoastaan muutamia kymppejä.
kortein	korte-i-n	3	korte	ein	NOUN	Isäni pelasi aina avoimin kortein.
koviksi	kov-i-ksi	3	kovä	ksi	ADJ	Pakkasen vuoksi vesi muuttui koviksi jääkuutioiksi.
kymmenkertaisena	kymmen-kertaise-na	3	kymmenkertainen	ena	ADJ	Hän palasi kotiin kymmenkertaisena mestarina.
kysymyksiä	kysymyks-i-ä	3	kysymys	siä	NOUN	Minulla on muutamia kysymyksiä sinulle.
lähtevät	lähte-vä-t	3	lähteä	vät	VERB	Junat lähtevät asemalta tunnin välein.
liittymisestä	liitty-mise-stä	3	liittyminen	stä	NOUN	Hän kysyi minulta salaseuraan liittymisestä.
luokitellaankin	luokitel-laan-kin	3	luokitellaankin	kin	VERB	Tehtävä ei ole monimutkainen ja se luokitellaankin usein helpoksi.
miltäköhän	miltä-kö-hän	3	miltäköhän	hän	ADJ	Miltäköhän se maistuu?
monissa	mon-i-ssa	3	monissa	ssa	PRON	Monissa maissa on erilaisia kulttuureja ja tapoja.
monissa	mon-i-ssa	3	moni	ssa	PRON	Monissa maissa on erilaisia kulttuureja ja tapoja.
nousseet	nous-see-t	3	nousta	eet	VERB	Hinnat ovat nousseet viime kuukausina.
objektiivisemman	objektiivise-mma-n	3	objektiivisemman	man	ADJ	Hän pyrkii saamaan objektiivisemman kuvan tilanteesta.
ollaankin	ol-laan-kin	3	ollaankin	kin	AUX	Siellä ollaankin oltu valmiina jo hyvän aikaa.
omistavan	omista-va-n	3	omistaa	van	VERB	Näin siellä auton omistavan miehen.
onkohan	on-ko-han	3	onkohan	han	AUX	Onkohan hän jo saapunut?
päiviä	päiv-i-ä	3	päivä	viä	NOUN	Olen ollut täällä jo useita päiviä.
paljokohan	paljo-ko-han	3	paljokohan	han	ADV	Paljokohan toi kirja maksaa?
pitäisikö	pitä-isi-kö	3	pitää	ikö	AUX	Pitäisikö meidän mennä elokuviin tänä iltana?
pitäisikö	pitä-isi-kö	3	pitäisikö	ikö	AUX	Pitäisikö meidän mennä elokuviin tänä iltana?
prosenttiyksikköä	prosentti-yksikkö-ä	3	prosenttiyksikkö	köä	NOUN	Inflaatio nousi viime kuussa kaksi prosenttiyksikköä.
puolueellisuusspekulaatioita	puolueellisuusspekulaatio-i-ta	3	puolueellisuusspekulaatio	ita	NOUN	Oikeudenkäyntiin liittyi mediajulkisuudesta johtuen lukuisia puolueellisuusspekulaatioita.
puoluekokouksessa	puolue-kokoukse-ssa	3	puoluekokous	ssa	NOUN	Hän puhui puoluekokouksessa ensimmäistä kertaa ehdokkaana.
rakensivat	rakens-i-vat	3	rakentaa	vat	VERB	He rakensivat uuden talon kaupungin keskustaan.
satoihin	sato-i-hin	3	sata	hin	NUM	Hänellä on pääsy satoihin erilaisiin kirjoihin.
soitellaankin	soitel-laan-kin	3	soitellaankin	kin	VERB	Huomenna soitellaankin sitten pitkästä aikaa.
suhteutettuna	suhteutet-tu-na	3	suhteutettuna	una	VERB	Suhteutettuna väkilukuun, Suomessa on enemmän metsää kuin missään muussa Euroopan maassa.
suhteutettuna	suhteutet-tu-na	3	suhteuttaa	una	VERB	Suhteutettuna väkilukuun, Suomessa on enemmän metsää kuin missään muussa Euroopan maassa.
tahtovat	tahto-va-t	3	tahtoa	vat	AUX	Lapset tahtovat mennä ulos leikkimään.
tahtovat	tahto-va-t	3	tahtoa	vat	VERB	Lapset tahtovat mennä ulos leikkimään.
tarkoitetut	tarkoitet-u-t	3	tarkoittaa	tut	VERB	Opiskeluun tarkoitetut tilat löytyvät tuolta nurkan takaa.
tehtävätkin	tehtävä-t-kin	3	tehtävä	kin	NOUN	Tehtävätkin tuntuvat vaikealta, kun huoneessa on kuuma.
tehtävätkin	tehtävä-t-kin	3	tehtävätkin	kin	NOUN	Tehtävätkin tuntuvat vaikealta, kun huoneessa on kuuma.
tehtäviä	tehtäv-i-ä	3	tehtävä	viä	NOUN	Ylioppilaskirjoituksissa oli viime vuonna paljon vaikeita tehtäviä.
tekemään	teke-mä-än	3	tehdä	ään	VERB	Hän meni keittiöön tekemään aamiaista.
tietokoneella	tieto-konee-lla	3	tietokone	lla	NOUN	Hän työskentelee tietokoneella koko päivän.
tilanneet	tilan-nee-t	3	tilana	eet	VERB	He ovat tilanneet kaiken tarvittavan.
tilanneet	tilan-nee-t	3	tilanä	eet	VERB	He ovat tilanneet kaiken tarvittavan.
todennäköisenä	toden-näköise-nä	3	todennäköinen	enä	ADJ	Pidän hyvin todennäköisenä, että hän voittaa kilpailun.
toimiiko	toimi-i-ko	3	toimiiko	iko	AUX	Toimiiko uusi tietokoneesi kunnolla?
toimiiko	toimi-i-ko	3	toimiiko	iko	VERB	Toimiiko uusi tietokoneesi kunnolla?
toukokuun	touko-kuu-n	3	toukokuu	uun	NOUN	Toukokuun kymmenes päivä on äitienpäivä.
toukokuun	touko-kuu-n	3	toukokuu	uun	NOUN	Toukokuun kymmenes päivä on äitienpäivä.
tulleet	tul-lee-t	3	tulla	eet	VERB	Olemme tulleet juhlimaan kanssasi.
tuotevalikoiman	tuote-valikoima-n	3	tuotevalikoima	man	NOUN	Yrityksen laaja tuotevalikoiman houkuttelee monia asiakkaita.
tutkijanuraa	tutkijan-ura-a	3	tutkijanura	raa	NOUN	Hän on luonut tutkijanuraa Englannissa.
uurnille	uurn-i-lle	3	uurna	lle	NOUN	Menimme uurnille laskemaan kukkia.
vaalikaudella	vaali-kaude-lla	3	vaalikaudella	lla	NOUN	Presidentti teki merkittäviä päätöksiä viime vaalikaudella.
vaalikaudella	vaali-kaude-lla	3	vaalikaude	lla	NOUN	Presidentti teki merkittäviä päätöksiä viime vaalikaudella.
vähäisiä	vähäis-i-ä	3	vähäinen	siä	ADJ	Hänellä on vain vähäisiä mahdollisuuksia voittaa peli.
vahvuuksia	vahvuuks-i-a	3	vahvuus	sia	NOUN	Jokaisella meistä on joitain vahvuuksia.
viestivät	viesti-vä-t	3	viestiä	vät	VERB	He viestivät minulle uutisia kotikaupungistani.
vuosista	vuos-i-sta	3	vuosi	sta	NOUN	Kiitos ihanista vuosista opiskeluaikoinamme!
vuosista	vuos-i-sta	3	vuos	sta	NOUN	Kiitos ihanista vuosista opiskeluaikoinamme!
äännevaihteluiden	äänne-vaihtelu-i-den	4	äännevaihteluiden	den	NOUN	Äännevaihteluiden ymmärtäminen on tärkeää suomen kielen oppimisessa.
äännevaihteluiden	äänne-vaihtelu-i-den	4	äännevaihteluiden	den	NOUN	Äännevaihteluiden ymmärtäminen on tärkeää suomen kielen oppimisessa.
aiheuttaakohan	aiheutta-a-ko-han	4	aiheuttaakohan	han	VERB	Aiheuttaakohan tämä lääke sivuvaikutuksia?
ajattelevia	ajattele-v-i-a	4	ajattelea	via	VERB	Hän vetää puoleensa samalla tavoin ajattelevia ihmisiä.
ajattelevia	ajattele-v-i-a	4	ajatteleva	via	VERB	Hän vetää puoleensa samalla tavoin ajattelevia ihmisiä.
ajattelikohan	ajattel-i-ko-han	4	ajattelikohan	han	PROPN	Ajattelikohan hän koskaan palata kotiin?
auttaisikohan	autta-isi-ko-han	4	auttaisikohan	han	ADV	Auttaisikohan se, jos soittaisin tekniseen tukeen?
ehtisköhän	eht-is-kö-hän	4	ehtisköhän	hän	NOUN	Ehtisköhän sitä vielä ostaa ruokaa ennen kaupan sulkemista?
ennallistamissääntelylle	ennallista-mis-sääntely-lle	4	ennallistamissääntelylle	lle	ADJ	Hallitus on asettanut uusia rajoituksia ennallistamissääntelylle.
esitutkintapöytäkirjat	esi-tutkintapöytä-kirja-t	4	esitutkintapöytäkirja	jat	NOUN	Esitutkintapöytäkirjat ovat kaikkien nähtävillä osana oikeudenkäyntiä.
esitutkintapöytäkirjat	esi-tutkintapöytä-kirja-t	4	esitutkintapöytäkirja	jat	NOUN	Esitutkintapöytäkirjat ovat kaikkien nähtävillä osana oikeudenkäyntiä.
havaittuja	havait-tu-j-a	4	havaittuja	uja	VERB	Hän on tutkinut havaittuja ilmiöitä luonnossa.
henkilötyövuoden	henkilö-työ-vuode-n	4	henkilötyövuos	den	NOUN	Yritys käytti viime vuonna yhteensä 500 henkilötyövuoden verran työvoimaa.
jäädäkseen	jääd-ä-kse-en	4	jäädä	een	AUX	Hän opiskeli ahkerasti ranskaa jäädäkseen Kanadaan.
jäädäkseen	jääd-ä-kse-en	4	jäädä	een	VERB	Hän opiskeli ahkerasti ranskaa jäädäkseen Kanadaan.
jaksaisikohan	jaksa-isi-ko-han	4	jaksaisikohan	han	VERB	Jaksaisikohan hän kävellä koko matkan kotiin?
johtuisikohan	johtu-isi-ko-han	4	johtuisikohan	han	ADV	Johtuisikohan tämä ongelma vanhentuneesta ohjelmistosta?
johtuiskohan	johtu-is-ko-han	4	johtuiskohan	han	NOUN	Johtuiskohan tämä ongelma vanhentuneesta ohjelmistosta?
kannattaisikohan	kannatta-isi-ko-han	4	kannattaisikohan	han	VERB	Kannattaisikohan minun opiskella suomea?
kävisköhän	käv-is-kö-hän	4	kävisköhän	hän	VERB	Kävisköhän äidille, että kutsuisin hänet tänne väitöstilaisuuteeni.
kehitettyjen	kehitet-ty-j-en	4	kehitettyjen	jen	VERB	Tämä ohjelmisto on yksi viimeisimmistä kehitettyjen joukossa.
kehitettyjen	kehitet-ty-j-en	4	kehittää	jen	VERB	Tämä ohjelmisto on yksi viimeisimmistä kehitettyjen joukossa.
kiusallaankin	kiusa-lla-an-kin	4	kiusallaankin	kin	ADV	Hän teki sen kiusallaankin, vaikka tiesi sen olevan väärin.
kummallakohan	kumma-lla-ko-han	4	kummallakohan	han	ADV	Kummallakohan puolella tie on kuoppaisempi?
kuulostipas	kuulost-i-pa-s	4	kuulostipas	pas	VERB	Kuulostipas mielenkiintoiselta!
kuulunkohan	kuulu-n-ko-han	4	kuulunkohan	han	VERB	Kuulunkohan minä tähän ryhmään?
lähteeköhän	lähte-e-kö-hän	4	lähteeköhän	hän	ADV	Lähteeköhän tästä autosta rengas irti jos painan tuosta?
liikepankkien	liike-pankk-i-en	4	liikepankka	ien	NOUN	Liikepankkien rooli taloudessa on merkittävä.
liikepankkien	liike-pankk-i-en	4	liikepankki	ien	NOUN	Liikepankkien rooli taloudessa on merkittävä.
listataanpas	lista-taan-pa-s	4	listataanpas	pas	VERB	Listataanpas kaikki tehtävät, jotka meidän on vielä suoritettava.
loppuisikohan	loppu-isi-ko-han	4	loppuisikohan	han	ADV	Loppuisikohan tämä sade pian?
määrärahojen	määrä-raho-j-en	4	määräraha	jen	NOUN	Hallitus keskustelee ensi viikolla määrärahojen jakamisesta eri ministeriöille.
määrärahojen	määrä-raho-j-en	4	määräraho	jen	NOUN	Hallitus keskustelee ensi viikolla määrärahojen jakamisesta eri ministeriöille.
mahdatkohan	mahda-t-ko-han	4	mahdatkohan	han	VERB	Mahdatkohan tietää, minne minun pitäisi mennä päästäkseni Helsinkiin?
mahtaisikohan	mahta-isi-ko-han	4	mahtaisikohan	han	VERB	Mahtaisikohan hän tulla juhliin?
mahtaiskohan	mahta-is-ko-han	4	mahtaiskohan	han	ADV	Mahtaiskohan hän tulla huomenna töihin?
merkitseeköhän	merkitse-e-kö-hän	4	merkitseeköhän	hän	VERB	Merkitseeköhän se, että suomen kieli on peräisin Siperiasta?
monenkohan	mone-n-ko-han	4	monenkohan	han	ADV	Monenkohan kerran olen unohtanut avaimeni kotiin?
muillekin	mu-i-lle-kin	4	muillekin	kin	PRON	Tämä paikka on tarkoitettu sinulle ja muillekin.
muistinkohan	muisti-n-ko-han	4	muistinkohan	han	NOUN	Muistinkohan sammuttaa kahvinkeittimen ennen kuin lähdin töihin?
näkeeköhän	näke-e-kö-hän	4	näkeeköhän	hän	ADV	Näkeeköhän hän minut täältä?
näkyvimpiin	näkyv-imp-i-in	4	näkyvimpiin	iin	ADJ	Hän nousi yrityksensä näkyvimpiin rooleihin.
ohittaakohan	ohitta-a-ko-han	4	ohittaakohan	han	VERB	Ohittaakohan hän minut tässä kilpailussa?
olikohan	ol-i-ko-han	4	olikohan	han	AUX	Olikohan hän todella siellä?
ollaankohan	ol-laan-ko-han	4	ollaankohan	han	AUX	Ollaankohan me jo myöhässä?
ollaanpas	ol-laan-pa-s	4	ollaanpas	pas	VERB	Ollaanpas me onnellisia tästä uudesta kodista.
oonkohan	oo-n-ko-han	4	oonkohan	han	NOUN	Oonkohan unohtanut avaimeni kotiin?
osoittavinaan	osoitta-v-ina-an	4	osoittavinaan	aan	VERB	Hän oli osoittavinaan oikeaan suuntaan.
otetaanpas	ote-taan-pa-s	4	otetaanpas	pas	VERB	Otetaanpas hetki rennosti ja mietitään tätä rauhassa.
otsallaankin	otsa-lla-an-kin	4	otsallaankin	kin	NOUN	Hiki näkyi jo hänen otsallaankin.
päästäänköhän	pääs-tään-kö-hän	4	päästäänköhän	hän	VERB	Päästäänköhän me tänään jo kotiin?
painaakohan	paina-a-ko-han	4	painaakohan	han	NOUN	Painaakohan tuo nappi oikeasti jotain?
päivittäistavarakaupan	päivittäis-tavara-kaupa-n	4	päivittäistavarakauppa	pan	NOUN	Hän työskentelee päivittäistavarakaupan kassalla.
pidelläänköhän	pidel-lään-kö-hän	4	pidelläänköhän	hän	VERB	Pidelläänköhän tätä esinettä varovasti?
pidettyjen	pidet-ty-j-en	4	pidettyjen	jen	VERB	Tämä on jo pidettyjen konferenssien osoite.
presidentinvaaleissa	presidentin-vaale-i-ssa	4	presidentinvaalit	ssa	NOUN	Hän aikoo äänestää seuraavissa presidentinvaaleissa.
punaviinien	puna-viin-i-en	4	punaviini	ien	NOUN	Punaviinien maistelu on yksi suosikkiharrastuksistani.
punaviinien	puna-viin-i-en	4	punaviini	ien	NOUN	Punaviinien maistelu on yksi suosikkiharrastuksistani.
pystyisköhän	pysty-is-kö-hän	4	pystyisköhän	hän	AUX	Pystyisköhän hän auttamaan minua tässä projektissa?
raha-asioiden	raha-asio-i-den	4	raha-asioiden	den	NOUN	Hän on erittäin taitava raha-asioiden kanssa.
säännönmukaisuuksia	säännön-mukaisuuks-i-a	4	säännönmukaisuus	sia	NOUN	Tutkimuksessa havaittiin useita säännönmukaisuuksia ilmiöiden välillä.
sanoiskohan	sano-is-ko-han	4	sanoiskohan	han	VERB	Sanoiskohan hän minulle totuuden, jos kysyisin suoraan?
sanotaanpas	sano-taan-pa-s	4	sanotaanpas	pas	VERB	Sanotaanpas, että meillä on kaikki tarvittava onnistuneeseen päivään.
silmiään	silm-i-ä-än	4	silmä	ään	NOUN	Hän hieroi väsyneitä silmiään.
siskollaankin	sisko-lla-an-kin	4	siskollaankin	kin	NOUN	Hänen siskollaankin on enemmän rahaa kuin minulla.
suomalaisäänestäjistä	suomalai-säänestäj-i-stä	4	suomalaisäänestäjistä	stä	NOUN	Suomalaisäänestäjistä suurin osa kannattaa ympäristönsuojelua.
suomalaisäänestäjistä	suomalai-säänestäj-i-stä	4	suomalaisäänestäjistä	stä	NOUN	Suomalaisäänestäjistä suurin osa kannattaa ympäristönsuojelua.
täyttäviä	täyttä-v-i-ä	4	täyttävä	viä	ADJ	Etsin täyttäviä aterioita pitkälle työpäivälle.
tiedätteköhän	tiedä-tte-kö-hän	4	tiedätteköhän	hän	ADV	Tiedätteköhän, missä lähin ruokakauppa on?
tietoverkkojen	tieto-verkko-j-en	4	tietoverkkojen	jen	NOUN	Tietoverkkojen turvallisuus on nyky-yhteiskunnassa erittäin tärkeää.
tietoverkkojen	tieto-verkko-j-en	4	tietoverkko	jen	NOUN	Tietoverkkojen turvallisuus on nyky-yhteiskunnassa erittäin tärkeää.
tilintarkastustuomioistuimeen	tilin-tarkastustuomio-istuime-en	4	tilintarkastustuomioistuimeen	een	NOUN	Hän jätti valituksen tilintarkastustuomioistuimeen.
tulkaapas	tul-kaa-pa-s	4	tulkaapas	pas	VERB	Tulkaapas tänne, minulla on teille jotain näytettävää.
unohtuukohan	unohtu-u-ko-han	4	unohtuukohan	han	VERB	Unohtuukohan taas avaimet kotiin?
vaaliuurnilta	vaali-uurn-i-lta	4	vaaliuurna	lta	NOUN	Iltaan mennessä äänestäjät olivatkin jo kaikonneet vaaliuurnilta.
vaaliuurnilta	vaali-uurn-i-lta	4	vaaliuurni	lta	NOUN	Iltaan mennessä äänestäjät olivatkin jo kaikonneet vaaliuurnilta.
vaikutusvaltaisimman	vaikutus-valtais-imma-n	4	vaikutusvaltaisimma	man	ADJ	Hän on maamme vaikutusvaltaisimman yrityksen toimitusjohtaja.
vaikutusvaltaisimman	vaikutus-valtais-imma-n	4	vaikutusvaltaisimma	man	NOUN	Hän on maamme vaikutusvaltaisimman yrityksen toimitusjohtaja.
yliopistojen	yli-opisto-j-en	4	yliopistojen	jen	NOUN	Yliopistojen rooli yhteiskunnassa on erittäin tärkeä.
yliopistojen	yli-opisto-j-en	4	yliopisto	jen	NOUN	Yliopistojen rooli yhteiskunnassa on erittäin tärkeä.
ehtisinköhän	eht-isi-n-kö-hän	5	ehtisinköhän	hän	VERB	Ehtisinköhän vielä käydä kaupassa ennen junan saapumista?
innostuinpas	innostu-i-n-pa-s	5	innostuinpas	pas	VERB	Innostuinpas todella uudesta harrastuksestani.
johtuneekohan	johtu-ne-e-ko-han	5	johtuneekohan	han	ADV	Johtuneekohan tämä viivästys huonosta säästä?
kaksitasokuvauksiaan	kaksi-tasokuvauks-i-a-an	5	kaksitasokuvauksiaan	aan	ADJ	Taiteilija esitteli uusimpia kaksitasokuvauksiaan näyttelyssä.
kaksitasokuvauksiaan	kaksi-tasokuvauks-i-a-an	5	kaksitasokuvauksiaan	aan	NOUN	Taiteilija esitteli uusimpia kaksitasokuvauksiaan näyttelyssä.
kallistuvatkohan	kallistu-va-t-ko-han	5	kallistuvatkohan	han	PROPN	Kallistuvatkohan nuo puut tuulen mukana?
käsititköhän	käsit-i-t-kö-hän	5	käsititköhän	hän	NOUN	Käsititköhän, mitä hän juuri sanoi?
kokeilinkohan	kokeil-i-n-ko-han	5	kokeilinkohan	han	VERB	Kokeilinkohan uutta reseptiä jo viime viikolla?
kuorsaavatkohan	kuorsaa-va-t-ko-han	5	kuorsaavatkohan	han	ADV	Kuorsaavatkohan he kovaa yöllä?
lähtökohdistaan	lähtö-kohd-i-sta-an	5	lähtökohdistaan	aan	NOUN	Jokainen ihminen tarkastelee maailmaa omista lähtökohdistaan.
lapsillaankaan	laps-i-lla-an-kaan	5	lapsillaankaan	aan	NOUN	Lapsillaankaan ei ole ratkaisuja kaikkiin ongelmiin.
leikkivätköhän	leikki-vä-t-kö-hän	5	leikkivätköhän	hän	VERB	Leikkivätköhän lapset jo ulkona?
löytäisinköhän	löytä-isi-n-kö-hän	5	löytäisinköhän	hän	VERB	Löytäisinköhän avaimeni tästä sotkusta?
mahtaisinkohan	mahta-isi-n-ko-han	5	mahtaisinkohan	han	AUX	Mahtaisinkohan löytää paremman työpaikan, jos muuttaisin toiseen kaupunkiin?
mahtoivatkohan	mahto-i-vat-ko-han	5	mahtoivatkohan	han	VERB	Mahtoivatkohan he ymmärtää ohjeet oikein?
mielipiteitään	mieli-pite-i-tä-än	5	mielipiteitään	ään	NOUN	Hän ei pelkää ilmaista mielipiteitään avoimesti.
millaisillakohan	millais-i-lla-ko-han	5	millaisillakohan	han	NOUN	Millaisillakohan perusteilla he valitsivat uuden johtajan?
muuttuvatkohan	muuttu-va-t-ko-han	5	muuttuvatkohan	han	PRON	Muuttuvatkohan sääolosuhteet huomenna paremmiksi?
näitköhän	nä-i-t-kö-hän	5	näitköhän	hän	NOUN	Näitköhän sinä minun avaimeni?
napsautinpas	napsaut-i-n-pa-s	5	napsautinpas	pas	VERB	Napsautinpas sähköpostin auki uteliaisuudesta.
ohjauskorkojaan	ohjaus-korko-j-a-an	5	ohjauskorkoja	aan	NOUN	Euroopan keskuspankki on päättänyt nostaa ohjauskorkojaan inflaation hillitsemiseksi.
olinkohan	ol-i-n-ko-han	5	olinkohan	han	AUX	Olinkohan liian ankara hänelle?
olinpas	ol-i-n-pa-s	5	olinpas	pas	VERB	Olinpas onnellinen, kun sain uuden työpaikan.
olisivatkohan	ol-isi-vat-ko-han	5	olisivatkohan	han	AUX	Olisivatkohan he jo lähteneet kotiin?
olitkohan	ol-i-t-ko-han	5	olitkohan	han	VERB	Olitkohan sinä eilen kaupungilla?
olivatkohan	ol-i-vat-ko-han	5	olivatkohan	han	ADV	Olivatkohan he jo lähteneet kotiin?
osaavatkohan	osaa-va-t-ko-han	5	osaavatkohan	han	VERB	Osaavatkohan he puhua suomea?
osaisinkohan	osa-isi-n-ko-han	5	osaisinkohan	han	VERB	Osaisinkohan minä koskaan oppia soittamaan pianoa?
osaisitkohan	osa-isi-t-ko-han	5	osaisitkohan	han	VERB	Osaisitkohan sinä auttaa minua tämän tehtävän kanssa?
osasinkohan	osas-i-n-ko-han	5	osasinkohan	han	VERB	Osasinkohan selittää asian tarpeeksi selkeästi?
osasinpas	osas-i-n-pa-s	5	osasinpas	pas	VERB	Osasinpas vain puhua suomea paremmin.
päädyinköhän	päädy-i-n-kö-hän	5	päädyinköhän	hän	VERB	Päädyinköhän todella tänne ilman karttaa?
pääsisinköhän	pääs-isi-n-kö-hän	5	pääsisinköhän	hän	VERB	Pääsisinköhän huomenna jo töistä aikaisemmin kotiin?
pelkäävätköhän	pelkää-vä-t-kö-hän	5	pelkäävätköhän	hän	VERB	Pelkäävätköhän lapset pimeää?
perustuslakivaliokunnan	perustus-laki-valio-kunna-n	5	perustuslakivaliokunna	nan	NOUN	Perustuslakivaliokunnan tehtävä on tarkastella lakiehdotusten perustuslainmukaisuutta.
perustuslakivaliokunnan	perustus-laki-valio-kunna-n	5	perustuslakivaliokunta	nan	NOUN	Perustuslakivaliokunnan tehtävä on tarkastella lakiehdotusten perustuslainmukaisuutta.
pystyisinköhän	pysty-isi-n-kö-hän	5	pystyisinköhän	hän	VERB	Pystyisinköhän tekemään tämän työn yksin?
saattaisinpas	saatta-isi-n-pa-s	5	saattaisinpas	pas	VERB	Jos olisin tiennyt, saattaisinpas toimia toisin.
saavatkohan	saa-va-t-ko-han	5	saavatkohan	han	VERB	Saavatkohan he koskaan tietää totuuden?
sainkohan	sa-i-n-ko-han	5	sainkohan	han	VERB	Sainkohan minä kaikki tarvittavat tiedot?
sainpas	sa-i-n-pa-s	5	sainpas	pas	VERB	Sainpas vihdoin tuon työprojektin valmiiksi.
saitkohan	sa-i-t-ko-han	5	saitkohan	han	VERB	Saitkohan sinä sen kirjeen, jonka lähetin?
sanoinkohan	sano-i-n-ko-han	5	sanoinkohan	han	VERB	Sanoinkohan sen oikein?
selviävätköhän	selviä-vä-t-kö-hän	5	selviävätköhän	hän	VERB	Selviävätköhän he tästä tilanteesta?
selviytyisivätköhän	selviyty-isi-vät-kö-hän	5	selviytyisivätköhän	hän	VERB	Mietin, selviytyisivätköhän he tästä haasteesta.
soolokeikoillaankin	soolokeiko-i-lla-an-kin	5	soolokeikoillaankin	kin	NOUN	Muusikko esiintyy soolokeikoillaankin suurella intohimolla.
suunnittelevatkohan	suunnittele-va-t-ko-han	5	suunnittelevatkoha	han	ADV	Suunnittelevatkohan he matkaa ulkomaille ensi kesänä?
syyskuussakohan	syys-kuu-ssa-ko-han	5	syyskuussakohan	han	ADV	Syyskuussakohan se uusi lukukausi alkaa?
tajusivatkohan	tajus-i-vat-ko-han	5	tajusivatkohan	han	VERB	Tajusivatkohan he mitä oikein tapahtui?
tarvinneekohan	tarvin-ne-e-ko-han	5	tarvinneekohan	han	ADV	Tarvinneekohan meidän ostaa lisää maitoa kaupasta?
tietokoneohjelmien	tieto-kone-ohjelm-i-en	5	tietokoneohjelma	ien	NOUN	Hän on erikoistunut tietokoneohjelmien kehittämiseen.
tulinpas	tul-i-n-pa-s	5	tulinpas	pas	VERB	Tulinpas myöhään kotiin eilen illalla.
ulkoasiainvaliokunnan	ulko-asiain-valio-kunna-n	5	ulkoasiainvaliokunta	nan	NOUN	Hän on ulkoasiainvaliokunnan uusi jäsen.
unohtivatkohan	unoht-i-vat-ko-han	5	unohtivatkohan	han	ADV	Unohtivatkohan he avaimet kotiin?
väitöskirjantekijöiden	väitös-kirja-ntekijö-i-den	5	väitöskirjantekijöiden	den	NOUN	Väitöskirjantekijöiden työ on usein pitkä ja monimutkainen prosessi.
väitöskirjantekijöiden	väitös-kirja-ntekijö-i-den	5	väitöskirjantekijöiden	den	NOUN	Väitöskirjantekijöiden työ on usein pitkä ja monimutkainen prosessi.
vanhimmillaankin	vanhimm-i-lla-an-kin	5	vanhimmillaankin	kin	ADV	Vanhimmillaankin hän on yhä täynnä energiaa ja elämäniloa.
voisivatkohan	voi-siva-t-ko-han	5	voisivatkohan	han	AUX	Voisivatkohan he tulla meille illalliselle?
voitaisiinkohan	voi-ta-isiin-ko-han	5	voitaisiinkohan	han	AUX	Voitaisiinkohan mennä elokuviin tänä iltana?
voivatkohan	voi-va-t-ko-han	5	voivatkohan	han	VERB	Voivatkohan he tulla juhliin myöhässä?
halvimmillaankin	halv-imm-i-lla-an-kin	6	halvimmillaan	kin	ADV	Tämä tuote on halvimmillaankin liian kallis minulle.
kovimmillaankin	kov-imm-i-lla-an-kin	6	kovimmillaankin	kin	NOUN	Kovimmillaankin talvella, hän käy ulkona joka päivä.
heikoimmillaankin	heiko-imm-i-lla-an-kin	6	heikoimmillaankin	kin	PROPN	Heikoimmillaankin olemme vahvempia kuin yksikään muu joukkue.
hinnakkaimmillaankin	hinnakka-imm-i-lla-an-kin	6	hinnakkaimmillaankin	kin	NOUN	Vaikka tuote on hinnakkaimmillaankin laadukas, en ole varma, onko se sen arvoinen.
hitaimmillaankin	hita-imm-i-lla-an-kin	6	hitaimmillaankin	kin	PROPN	Hitaimmillaankin hän ymmärsi, mistä oli kyse.
huonoimmillaankin	huono-imm-i-lla-an-kin	6	huonoimmillaankin	kin	ADV	Huonoimmillaankin se on parempi vaihtoehto kuin monet muut.
kalleimmillaankin	kalle-imm-i-lla-an-kin	6	kalleimmillaankin	kin	PROPN	Kalleimmillaankin tämä auto on edullisempi kuin muut markkinoilla olevat mallit.
kehnoimmillaankin	kehno-imm-i-lla-an-kin	6	kehnoimmillaankin	kin	ADV	Kehnoimmillaankin hän on parempi kuin monet muut.
matalimmillaankin	matal-imm-i-lla-an-kin	6	matalimmillaankin	kin	PROPN	Matalimmillaankin pudotusta on yli 100 metriä.
nopeimmillaankin	nope-imm-i-lla-an-kin	6	nopeimmillaankin	kin	PROPN	Nopeimmillaankin hän tarvitsee vähintään tunnin valmistautumiseen.
raskaimmillaankin	raska-imm-i-lla-an-kin	6	raskaimmillaankin	kin	ADJ	Raskaimmillaankin työ oli silti aina mukavaa ja mielekästä.
rohkeimmillaankin	rohke-imm-i-lla-an-kin	6	rohkeimmillaankin	kin	NOUN	Rohkeimmillaankin hän epäröi ennen kuin astui sisään pimeään luolaan.
rumpusooloillaankin	rumpu-soolo-i-lla-an-kin	6	rumpusooloillaan	kin	ADV	Ehdokas vakuutti äänestäjät mielipiteittensä lisäksi rumpusooloillaankin.
suurimmillaankin	suur-imm-i-lla-an-kin	6	suurimmillaankin	kin	ADJ	Vaikka olemme suurimmillaankin vain pieni osa maailmaa, voimme toimia kokoamme suurempana.
